{
    "Version": "2012-10-17",
    "Statement": [
        {
            "Sid": "Statement",
            "Effect": "Allow",
            "Principal": "*",
            "Action": "s3:GetObject",
            "Resource": "arn:aws:s3:::meat-motors/*"
        }, 
        {
            "Sid": "Allow write access to objects",
            "Effect": "Allow",
            "Principal": "*",
            "Action": [
                "s3:PutObject",
                "s3:DeleteObject"
            ],
            "Resource": "arn:aws:s3:::meat-motors/*"
        }
    ]
}